Film,Stock
CASUALTIES ENCINO,3
ACE GOLDFINGER,3
MANNEQUIN WORST,3
DANCES NONE,3
MAIDEN HOME,3
AGENT TRUMAN,3
TELEGRAPH VOYAGE,3
TEEN APOLLO,3
ALABAMA DEVIL,3
TARZAN VIDEOTAPE,3
DARKO DORADO,3
GRAFFITI LOVE,3
MAGNIFICENT CHITTY,3
KISSING DOLLS,3
DAUGHTER MADIGAN,3
SWEETHEARTS SUSPECTS,3
ALONE TRIP,3
DAY UNFAITHFUL,3
SWEET BROTHERHOOD,3
SUNRISE LEAGUE,3
AMERICAN CIRCUS,3
SUIT WALLS,3
ANACONDA CONFESSIONS,3
SUGAR WONKA,3
ANGELS LIFE,3
ANNIE IDENTITY,3
GRIT CLOCKWORK,3
STRICTLY SCARFACE,3
STRANGER STRANGERS,3
STRAIGHT HOURS,3
DESTINATION JERK,3
GUMP DATE,3
STONE FIRE,3
STING PERSONAL,3
GUNFIGHTER MUSSOLINI,3
KING EVOLUTION,3
ARIZONA BANG,3
SQUAD FISH,3
SONS INTERVIEW,3
DISCIPLE MOTHER,3
SONG HEDWIG,3
SNOWMAN ROLLERCOASTER,3
MAGIC MALLRATS,3
DIVORCE SHINING,3
SIMON NORTH,3
AUTUMN CROW,3
SIERRA DIVIDE,3
BACKLASH UNDEFEATED,3
SHOW LORD,3
BAKED CLEOPATRA,3
SECRETS PARADISE,3
SEARCHERS WAIT,3
DOORS PRESIDENT,3
SCORPION APOLLO,3
HARPER DYING,3
SCARFACE BANG,3
DOWNHILL ENOUGH,3
JEEPERS WEDDING,3
SATURDAY LAMBS,3
BEAST HUNCHBACK,3
SATISFACTION CONFIDENTIAL,3
RUSH GOODFELLAS,3
LIBERTY MAGNIFICENT,3
HEARTBREAKERS BRIGHT,3
BEHAVIOR RUNAWAY,3
RUN PACIFIC,3
ROUGE SQUAD,3
ROCKETEER MOTHER,3
BEVERLY OUTLAW,3
DRUMLINE CYCLONE,3
BILKO ANONYMOUS,3
RIDGEMONT SUBMARINE,3
HELLFIGHTERS SIERRA,3
DUDE BLINDNESS,3
HIGH ENCINO,3
REUNION WITCHES,3
REIGN GENTLEMEN,3
REDEMPTION COMFORTS,3
JEOPARDY ENCINO,3
RANGE MOONWALKER,3
RAINBOW SHOCK,3
BLOOD ARGONAUTS,3
PURE RUNNER,3
EARRING INSTINCT,3
PRINCESS GIANT,3
POTLUCK MIXED,3
PICKUP DRIVING,3
PET HAUNTING,3
PERSONAL LADYBUGS,3
BOULEVARD MOB,3
EGYPT TENENBAUMS,3
PEARL DESTINY,3
HONEY TIES,3
PEACH INNOCENT,3
HOOSIERS BIRDCAGE,3
JERICHO MULAN,3
JERK PAYCHECK,3
HORROR REIGN,3
PATHS CONTROL,3
LUST LOCK,3
BROTHERHOOD BLANKET,3
ENGLISH BULWORTH,3
PARK CITIZEN,3
HUMAN GRAFFITI,3
LOVER TRUMAN,3
PAPI NECKLACE,3
PANIC CLUB,3
PAJAMA JAWBREAKER,3
BUTTERFLY CHOCOLAT,3
EXCITEMENT EVE,3
CADDYSHACK JEDI,3
PACKER MADIGAN,3
HUSTLER PARTY,3
CAMELOT VACATION,3
EXPENDABLE STALLION,3
PACIFIC AMISTAD,3
ORIENT CLOSER,3
NONE SPIKING,3
IDAHO LOVE,3
CARIBBEAN LIBERTY,3
LOVELY JINGLE,3
NIGHTMARE CHILL,3
NEIGHBORS CHARADE,3
CASPER DRAGONFLY,3
JOON NORTHWEST,3
ZORRO ARK,3
FARGO GANDHI,3
IMAGE PRINCESS,3
CAUSE DATE,3
FEATHERS METAL,3
NECKLACE OUTBREAK,3
FERRIS MOTHER,3
MUMMY CREATURES,3
MOTHER OLEANDER,3
CHANCE RESURRECTION,3
MONEY HAROLD,3
CHARADE DUFFEL,3
KICK SAVANNAH,3
KRAMER CHOCOLATE,3
FIGHT JAWBREAKER,3
INNOCENT USUAL,3
CHICKEN HELLFIGHTERS,3
INSECTS STONE,3
MODERN DORADO,3
LESSON CLEOPATRA,3
INTENTIONS EMPIRE,3
LOSE INCH,3
CHOCOLATE DUCK,3
FLASH WARS,3
MISSION ZOOLANDER,3
MIRACLE VIRTUAL,3
FLINTSTONES HAPPINESS,3
WORLD LEATHERNECKS,3
WORDS HUNTER,3
FOOL MOCKINGBIRD,3
CLERKS ANGELS,3
WONDERFUL DROP,3
MINE TITANS,3
WISDOM WORKER,3
WINDOW SIDE,3
WIFE TURN,3
WEDDING APOLLO,3
WAIT CIDER,3
VIRTUAL SPOILERS,3
VELVET TERMINATOR,3
VANISHING ROCKY,3
VALLEY PACKER,3
UNITED PILOT,3
COMFORTS RUSH,3
UNBREAKABLE KARATE,3
TYCOON GATHERING,3
TUXEDO MILE,3
TURN STAR,3
FURY MURDER,3
CONFUSED CANDLES,3
GABLES METROPOLIS,3
MINDS TRUMAN,3
TROOPERS METAL,3
TROJAN TOMORROW,3
LONELY ELEPHANT,3
GARDEN ISLAND,3
MIDSUMMER GROUNDHOG,3
ITALIAN AFRICAN,3
CORE SUIT,3
COWBOY DOOM,3
TREATMENT JEKYLL,3
TREASURE COMMAND,3
TRAP GUYS,3
CREATURES SHAKESPEARE,3
TRAIN BUNCH,3
TRACY CIDER,3
TORQUE BOUND,3
TOOTSIE PILOT,3
MIDNIGHT WESTWARD,3
CROWDS TELEMARK,3
TOMORROW HUSTLER,3
TITANIC BOONDOCK,3
GO PURPLE,3
GODFATHER DIARY,3
MEET CHOCOLATE,3
GOLDFINGER SENSIBILITY,3
TIMBERLAND SKY,3
TIES HUNGER,3
SEATTLE EXPECATIONS,4
SENSE GREEK,4
SEVEN SWARM,4
DRIVER ANNIE,4
SHINING ROSES,4
SILVERADO GOLDFINGER,4
SLEEPY JAPANESE,4
DUCK RACER,4
ALI FOREVER,4
SLEUTH ORIENT,4
SMILE EARRING,4
SNATCHERS MONTEZUMA,4
SOMETHING DUCK,4
SOUTH WAIT,4
AMELIE HELLFIGHTERS,4
DYNAMITE TARZAN,4
EAGLES PANKY,4
SPARTACUS CHEAPER,4
SPOILERS HELLFIGHTERS,4
STAGE WORLD,4
ANYTHING SAVANNAH,4
STATE WASTELAND,4
STEEL SANTA,4
EGG IGBY,4
STRANGELOVE DESIRE,4
ARACHNOPHOBIA ROLLERCOASTER,4
ELEPHANT TROJAN,4
ELF MURDER,4
STRANGERS GRAFFITI,4
ARMY FLINTSTONES,4
ARSENIC INDEPENDENCE,4
SUICIDES SILENCE,4
SUSPECTS QUILLS,4
SWARM GOLD,4
TAXI KICK,4
TENENBAUMS COMMAND,4
TITANS JERK,4
TOURIST PELICAN,4
TRAMP OTHERS,4
TRANSLATION SUMMER,4
EVERYONE CRAFT,4
TWISTED PIRATES,4
VACATION BOONDOCK,4
BASIC EASY,4
VAMPIRE WHALE,4
BEAR GRACELAND,4
VERTIGO NORTHWEST,4
VIDEOTAPE ARSENIC,4
EYES DRIVING,4
FACTORY DRAGON,4
VILLAIN DESPERATE,4
FAMILY SWEET,4
WATERFRONT DELIVERANCE,4
WEST LION,4
WHALE BIKINI,4
WHISPERER GIANT,4
BIRCH ANTITRUST,4
WILD APOLLO,4
BIRDCAGE CASPER,4
WIZARD COLDBLOODED,4
FICTION CHRISTMAS,4
FIDDLER LOST,4
WOMEN DORADO,4
FINDING ANACONDA,4
WONDERLAND CHRISTMAS,4
FIREBALL PHILADELPHIA,4
BONNIE HOLOCAUST,4
WORKING MICROCOSMOS,4
FISH OPUS,4
FLAMINGOS CONNECTICUT,4
WORST BANGER,4
YOUTH KICK,4
FORREST SONS,4
BRANNIGAN SUNRISE,4
GALAXY SWEETHEARTS,4
GANGS PRIDE,4
BREAKING HOME,4
GASLIGHT CRUSADE,4
BRIGHT ENCOUNTERS,4
GATHERING CALENDAR,4
GLASS DYING,4
BUBBLE GROSSE,4
GOLD RIVER,4
BUGSY SONG,4
GOODFELLAS SALUTE,4
BULWORTH COMMANDMENTS,4
BUNCH MINDS,4
GORGEOUS BINGO,4
CABIN FLASH,4
CALENDAR GUNFIGHT,4
CALIFORNIA BIRDS,4
GRAIL FRANKENSTEIN,4
CANDIDATE PERDITION,4
GUYS FALCON,4
HANDICAP BOONDOCK,4
HATE HANDICAP,4
CAROL TEXAS,4
HEAD STRANGER,4
HOCUS FRIDA,4
HOPE TOOTSIE,4
HORN WORKING,4
HOURS RAGE,4
HUNCHBACK IMPOSSIBLE,4
IDENTITY LOVER,4
ILLUSION AMELIE,4
INDIAN LOVE,4
CHAMPION FLATLINERS,4
INFORMER DOUBLE,4
INSTINCT AIRPORT,4
INTERVIEW LIAISONS,4
ISHTAR ROCKETEER,4
JAWS HARRY,4
JEKYLL FROGMEN,4
JUGGLER HARDLY,4
JUMANJI BLADE,4
JUMPING WRATH,4
KARATE MOON,4
KILL BROTHERHOOD,4
GRAPES FURY,4
KNOCK WARLOCK,4
LADY STAGE,4
LADYBUGS ARMAGEDDON,4
LIFE TWISTED,4
LOATHING LEGALLY,4
LOLA AGENT,4
LOLITA WORLD,4
LOST BIRD,4
CLUB GRAFFITI,4
MADISON TRAP,4
CLUELESS BUCKET,4
CLYDE THEORY,4
COAST RAINBOW,4
MADNESS ATTACKS,4
MAGNOLIA FORRESTER,4
MAKER GABLES,4
MALLRATS UNITED,4
MASSAGE IMAGE,4
MEMENTO ZOOLANDER,4
METROPOLIS COMA,4
MILE MULAN,4
MILLION ACE,4
MINORITY KISS,4
CONNECTICUT TRAMP,4
MOB DUFFEL,4
CONQUERER NUTS,4
CONSPIRACY SPIRIT,4
MOCKINGBIRD HOLLYWOOD,4
MODEL FISH,4
CONVERSATION DOWNHILL,4
MOONSHINE CABIN,4
MOULIN WAKE,4
MULAN MOON,4
NATIONAL STORY,4
NATURAL STOCK,4
CROSSING DIVORCE,4
NEWSIES STORY,4
NEWTON LABYRINTH,4
NORTH TEQUILA,4
CRUSADE HONEY,4
NOVOCAINE FLIGHT,4
CUPBOARD SINNERS,4
ORANGE GRAPES,4
OUTFIELD MASSACRE,4
OZ LIAISONS,4
PANKY SUBMARINE,4
DALMATIONS SWEDEN,4
PATTON INTERVIEW,4
PAYCHECK WAIT,4
PELICAN COMFORTS,4
PINOCCHIO SIMON,4
PIRATES ROXANNE,4
PITTSBURGH HUNCHBACK,4
DATE SPEED,4
DAWN POND,4
PIZZA JUMANJI,4
PRIX UNDEFEATED,4
PULP BEVERLY,4
PURPLE MOVIE,4
DELIVERANCE MULHOLLAND,4
DESERT POSEIDON,4
QUILLS BULL,4
RAGE GAMES,4
DESTINY SATURDAY,4
DETAILS PACKER,4
DETECTIVE VISION,4
RAGING AIRPLANE,4
RAIDERS ANTITRUST,4
RIVER OUTLAW,4
ROAD ROXANNE,4
ROBBERY BRIGHT,4
ROCK INSTINCT,4
DIVINE RESURRECTION,4
DOCTOR GRAIL,4
ROCKY WAR,4
ROOTS REMEMBER,4
DONNIE ALLEY,4
DOOM DANCING,4
RUGRATS SHAKESPEARE,4
DOUBLE WRATH,4
SAGEBRUSH CLUELESS,4
SALUTE APOLLO,4
SEA VIRGIN,4
DRAGON SQUAD,4
DOGMA FAMILY,5
AFFAIR PREJUDICE,5
MOURNING PURPLE,5
FEVER EMPIRE,5
FIDELITY DEVIL,5
FIRE WOLVES,5
WRATH MILE,5
FLATLINERS KILLER,5
YENTL IDAHO,5
ALIEN CENTER,5
POTTER CONNECTICUT,5
ZOOLANDER FICTION,5
MUPPET MILE,5
SCHOOL JACKET,5
HOMEWARD CIDER,5
NAME DETECTIVE,5
ANTHEM LUKE,5
ANTITRUST TOMATOES,5
APACHE DIVINE,5
MYSTIC TRUMAN,5
APOLLO TEEN,5
QUEEN LUKE,5
QUEST MUSSOLINI,5
JAWBREAKER BROOKLYN,5
ARMAGEDDON LOST,5
ARTIST COLDBLOODED,5
LEAGUE HELLFIGHTERS,5
ATTACKS HATE,5
ATTRACTION NEWTON,5
BABY HALL,5
HOBBIT ALIEN,5
BALLOON HOMEWARD,5
REEF SALUTE,5
BANG KWAI,5
BANGER PINOCCHIO,5
HILLS NEIGHBORS,5
REMEMBER DIARY,5
RIDER CADDYSHACK,5
BEAUTY GREASE,5
BED HIGHBALL,5
RINGS HEARTBREAKERS,5
JASON TRAP,5
MAJESTIC FLOATS,5
BERETS AGENT,5
BETRAYED REAR,5
KWAI HOMEWARD,5
ROLLERCOASTER BRINGING,5
BINGO TALENTED,5
ROSES TREASURE,5
BIRDS PERDITION,5
PSYCHO SHRUNK,5
BLADE POLISH,5
HEAVENLY GUN,5
ROXANNE REBEL,5
BLUES INSTINCT,5
MANCHURIAN CURTAIN,5
HAWK CHILL,5
NEMO CAMPUS,5
NETWORK PEAK,5
KANE EXORCIST,5
BOUND CHEAPER,5
LORD ARIZONA,5
IDOLS SNATCHERS,5
BREAKFAST GOLDFINGER,5
ICE CROSSING,5
NOON PAPI,5
SABRINA MIDNIGHT,5
NORTHWEST POLISH,5
SAINTS BRIDE,5
SAMURAI LION,5
CAMPUS REMEMBER,5
HAUNTING PIANIST,5
SAVANNAH TOWN,5
HARRY IDAHO,5
UNTOUCHABLES SUNRISE,5
SCISSORHANDS SLUMS,5
CASSIDY WYOMING,5
CAT CONEHEADS,5
SECRETARY ROUGE,5
LOSER HUSTLER,5
CENTER DINOSAUR,5
SHANE DARKNESS,5
NUTS TIES,5
SHIP WONDERLAND,5
CHARIOTS CONSPIRACY,5
HANOVER GALAXY,5
SIDE ARK,5
HANKY OCTOBER,5
HANGING DEEP,5
SISTER FREDDY,5
CHISUM BEHAVIOR,5
SLEEPLESS MONSOON,5
CHOCOLAT HARRY,5
OLEANDER CLUE,5
SLING LUKE,5
CINCINATTI WHISPERER,5
CIRCUS YOUTH,5
SLIPPER FIDELITY,5
SLUMS DUCK,5
MERMAID INSECTS,5
HALL CASSIDY,5
SPICE SORORITY,5
CLOSER BANG,5
SPIRITED CASUALTIES,5
OPUS ICE,5
SPLASH GUMP,5
SPLENDOR PATTON,5
COMANCHEROS ENEMY,5
COMMAND DARLING,5
JACKET FRISCO,5
LANGUAGE COWBOY,5
LUKE MUMMY,5
STAGECOACH ARMAGEDDON,5
STALLION SUNDANCE,5
STAMPEDE DISTURBING,5
HYSTERICAL GRAIL,5
STAR OPERATION,5
GUNFIGHT MOON,5
CRANES RESERVOIR,5
PITY BOUND,5
CREEPERS KANE,5
UPTOWN YOUNG,5
CROSSROADS CASUALTIES,5
LIAISONS SWEET,5
GROSSE WONDERFUL,5
KENTUCKIAN GIANT,5
LOUISIANA HARRY,5
MADIGAN DORADO,5
DADDY PITTSBURGH,5
DAISY MENAGERIE,5
STREETCAR INTENTIONS,5
SUBMARINE BED,5
HYDE DOCTOR,5
SUMMER SCARFACE,5
SUN CONFESSIONS,5
SUNDANCE INVASION,5
SUPER WYOMING,5
HUNTER ALTER,5
SUPERFLY TRIP,5
INVASION CYCLONE,5
PANTHER REDS,5
GREATEST NORTH,5
GRACELAND DYNAMITE,5
PARADISE SABRINA,5
GOSFORD DONNIE,5
PLUTO OLEANDER,5
TEMPLE ATTRACTION,5
TERMINATOR CLUB,5
THEORY MERMAID,5
PAST SUICIDES,5
DORADO NOTTING,5
DOUBTFIRE LABYRINTH,5
THIEF PELICAN,5
THIN SAGEBRUSH,5
TIGHTS DAWN,5
GLEAMING JAWBREAKER,5
DRIFTER COMMANDMENTS,5
GILMORE BOILED,5
TRAFFIC HOBBIT,5
GIANT TROOPERS,5
DUFFEL APOCALYPSE,5
DUMBO LUST,5
FROST HEAD,5
FROGMEN BREAKING,5
DYING MAKER,5
USUAL UNTOUCHABLES,5
INSIDER ARIZONA,5
EASY GLADIATOR,5
EDGE KISSING,5
INDEPENDENCE HOTEL,5
VANISHED GARDEN,5
FRENCH HOLIDAY,5
POLLOCK DELIVERANCE,5
VIRGINIAN PLUTO,5
ENCOUNTERS CURTAIN,5
FREEDOM CLEOPATRA,5
ENEMY ODDS,5
VISION TORQUE,5
ENTRAPMENT SATISFACTION,5
WARS PLUTO,5
EVE RESURRECTION,5
EVOLUTION ALTER,5
WATCH TRACY,5
EXPECATIONS NATURAL,5
EXPRESS LONELY,5
WEEKEND PERSONAL,5
FALCON VOLUME,5
FANTASIA PARK,5
MOONWALKER FOOL,5
MOTIONS DETAILS,5
KISS GLORY,5
AFRICAN EGG,6
AIRPLANE SIERRA,6
AIRPORT POLLOCK,6
ALADDIN CALENDAR,6
ALAMO VIDEOTAPE,6
ALASKA PHANTOM,6
ALICE FANTASIA,6
ALLEY EVOLUTION,6
ALTER VICTORY,6
AMADEUS HOLY,6
AMISTAD MIDSUMMER,6
ANALYZE HOOSIERS,6
APOCALYPSE FLAMINGOS,6
ARABIA DOGMA,6
NASH CHOCOLAT,6
ARK RIDGEMONT,6
ATLANTIS CAUSE,6
BADMAN DAWN,6
BALLROOM MOCKINGBIRD,6
BARBARELLA STREETCAR,6
BAREFOOT MANCHURIAN,6
BEACH HEARTBREAKERS,6
BEDAZZLED MARRIED,6
BEETHOVEN EXORCIST,6
BENEATH RUSH,6
BILL OTHERS,6
BIRD INDEPENDENCE,6
IMPACT ALADDIN,6
BLINDNESS GUN,6
PHANTOM GLORY,6
BOOGIE AMELIE,6
JUNGLE CLOSER,6
BULL SHAWSHANK,6
BUTCH PANTHER,6
CANDLES GRAPES,6
LAWLESS VISION,6
CAPER MOTIONS,6
CASABLANCA SUPER,6
HAPPINESS UNITED,6
CHAINSAW UPTOWN,6
OCTOBER SUBMARINE,6
ODDS BOOGIE,6
CHEAPER CLYDE,6
CHICAGO NORTH,6
CHILL LUCK,6
PIANIST OUTFIELD,6
CHITTY LOCK,6
HOLY TADPOLE,6
PILOT HOOSIERS,6
CLASH FREDDY,6
CLEOPATRA DEVIL,6
LAMBS CINCINATTI,6
CLONES PINOCCHIO,6
CLUE GRAIL,6
COLOR PHILADELPHIA,6
COMA HEAD,6
COMMANDMENTS EXPRESS,6
CONFIDENTIAL INTERVIEW,6
CONGENIALITY QUEST,6
CONNECTION MICROCOSMOS,6
JERSEY SASSY,6
CRAFT OUTFIELD,6
CROOKED FROGMEN,6
CROW GREASE,6
OUTBREAK DIVINE,6
CRYSTAL BREAKING,6
DANCING FEVER,6
LOVE SUICIDES,6
DARKNESS WAR,6
HURRICANE AFFAIR,6
HUNTING MUSKETEERS,6
DAZED PUNK,6
DEEP CRUSADE,6
JINGLE SAGEBRUSH,6
HUNGER ROOF,6
DEVIL DESIRE,6
PLATOON INSTINCT,6
DISTURBING SCARFACE,6
DIVIDE MONSTER,6
POCUS PULP,6
DOZEN LION,6
HOTEL HAPPINESS,6
DRAGONFLY STRANGERS,6
DREAM PICKUP,6
DRIVING POLISH,6
DROP WATERFRONT,6
DRUMS DYNAMITE,6
DURHAM PANKY,6
DWARFS ALTER,6
EARLY HOME,6
POLISH BROOKLYN,6
EFFECT GLADIATOR,6
ELEMENT FREDDY,6
PATRIOT ROMAN,6
ENCINO ELF,6
ENDING CROWDS,6
PUNK DIVORCE,6
POSEIDON FOREVER,6
EXORCIST STING,6
EXTRAORDINARY CONQUERER,6
FANTASY TROOPERS,6
FATAL HAUNTED,6
FELLOWSHIP AUTUMN,6
FEUD FROGMEN,6
HOLOCAUST HIGHBALL,6
HOMICIDE PEACH,6
PREJUDICE OLEANDER,6
MURDER ANTITRUST,6
STEERS ARMAGEDDON,6
HEAVYWEIGHTS BEAST,6
STORM HAPPINESS,6
HAROLD FRENCH,6
MARS ROMAN,6
SEABISCUIT PUNK,6
MASK PEACH,6
SECRET GROUNDHOG,6
GROOVE FICTION,6
LEBOWSKI SOLDIERS,6
MASKED BUBBLE,6
MASSACRE USUAL,6
SHAKESPEARE SADDLE,6
SUNSET RACER,6
PRESIDENT BANG,6
SHAWSHANK BUBBLE,6
MALTESE HOPE,6
SWEDEN SHINING,6
SHOOTIST SUPERFLY,6
TADPOLE PARK,6
ACADEMY DINOSAUR,6
INTRIGUE WORST,6
PRIDE ALAMO,6
SHRUNK DIVINE,6
TELEMARK HEARTBREAKERS,6
MAGUIRE APACHE,6
INTOLERABLE INTENTIONS,6
TEQUILA PAST,6
REQUIEM TYCOON,6
MATRIX SNOWMAN,6
RESURRECTION SILVERADO,6
RULES HUMAN,6
RUNAWAY TENENBAUMS,6
GOLDMINE TYCOON,6
MIXED DOORS,6
TOMATOES HELLFIGHTERS,6
MAUDE MOD,6
GLADIATOR WESTWARD,6
JADE BUNCH,6
TOWN ARK,6
TRADING PINOCCHIO,6
RUNNER MADIGAN,6
HIGHBALL POTTER,6
LABYRINTH LEAGUE,6
MOD SECRETARY,6
GHOST GROUNDHOG,6
GENTLEMEN STAGE,6
TROUBLE DATE,6
FULL FLATLINERS,6
RUSHMORE MERMAID,6
FRONTIER CABIN,6
SNATCH SLIPPER,6
UPRISING UPTOWN,6
GROUNDHOG UNCUT,6
RANDOM GO,6
HALLOWEEN NUTS,6
FRISCO FORREST,6
JAPANESE RUN,6
SORORITY QUEEN,6
FRIDA SLIPPER,6
SOUP WISDOM,6
MONSOON CAUSE,6
VICTORY ACADEMY,6
MONSTER SPARTACUS,6
MONTEREY LABYRINTH,6
VIRGIN DAISY,6
METAL ARMAGEDDON,6
SPEAKEASY DATE,6
REAP UNFAITHFUL,6
VOICE PEACH,6
VOLCANO TEXAS,6
VOYAGE LEGALLY,6
FREDDY STORM,6
WARDROBE PHANTOM,6
WARLOCK WEREWOLF,6
REAR TRADING,6
SASSY PACKER,6
MONTEZUMA COMMAND,6
WATERSHIP FRONTIER,6
MUSSOLINI SPOILERS,6
WEREWOLF LOLA,6
LION UNCUT,6
MICROCOSMOS PARADISE,6
MOSQUITO ARMAGEDDON,6
WILLOW TRACY,6
WIND PHANTOM,6
FORWARD TEMPLE,6
WITCHES PANIC,6
INCH JET,6
SPY MILE,6
HALF OUTFIELD,6
WONKA SEA,6
FLYING HOOK,6
HAUNTED ANTITRUST,6
FLOATS GARDEN,6
MOVIE SHAKESPEARE,6
LEATHERNECKS DWARFS,6
WRONG BEHAVIOR,6
WYOMING STORM,6
SCALAWAG DUCK,6
YOUNG LANGUAGE,6
ZHIVAGO CORE,6
MALKOVICH PET,6
TALENTED HOMICIDE,6
PARIS WEEKEND,7
LEGEND JEDI,7
SMOKING BARBARELLA,7
SMOOCHY CONTROL,7
HOUSE DYNAMITE,7
MENAGERIE RUSHMORE,7
HAMLET WISDOM,7
SOLDIERS EVOLUTION,7
PARTY KNOCK,7
PATIENT SISTER,7
JET NEIGHBORS,7
LOVERBOY ATTACKS,7
HOOK CHARIOTS,7
PEAK FOREVER,7
KILLER INNOCENT,7
LUCK OPUS,7
SPEED SUIT,7
PERDITION FARGO,7
SPIKING ELEMENT,7
SPINAL ROCKY,7
SPIRIT FLINTSTONES,7
PERFECT GROOVE,7
HOME PITY,7
PHILADELPHIA WIFE,7
LUCKY FLYING,7
POND SEATTLE,7
PRIMARY GLASS,7
HOLLYWOOD ANONYMOUS,7
PRIVATE DROP,7
LAWRENCE LOVE,7
ADAPTATION HOLES,7
MADRE GABLES,7
ISLAND EXORCIST,7
MIGHTY LUCK,7
ANONYMOUS HUMAN,7
STEPMOM DREAM,7
ARGONAUTS TOWN,7
STOCK GLASS,7
GUN BONNIE,7
JEDI BENEATH,7
STORY SIDE,7
RACER EGG,7
BIKINI BORROWERS,7
BLACKOUT PRIVATE,7
BLANKET BEVERLY,7
STREAK RIDGEMONT,7
HOLIDAY GAMES,7
BOILED DARES,7
HOLES BRANNIGAN,7
GRINCH MASSAGE,7
IRON MOON,7
GREEK EVERYONE,7
BOONDOCK BALLROOM,7
BORN SPINAL,7
REBEL AIRPORT,7
GREEDY ROOTS,7
RECORDS ZORRO,7
BORROWERS BEDAZZLED,7
REDS POCUS,7
BOWFINGER GABLES,7
LICENSE WEEKEND,7
BRAVEHEART HUMAN,7
BRIDE INTRIGUE,7
GREASE YOUTH,7
BRINGING HYSTERICAL,7
RESERVOIR ADAPTATION,7
GRADUATE LORD,7
BROOKLYN DESERT,7
BUCKET BROTHERHOOD,7
CANYON STOCK,7
HEDWIG ALTER,7
RIGHT CRANES,7
CATCH AMISTAD,7
CELEBRITY HORN,7
CHAMBER ITALIAN,7
TEXAS WATCH,7
ROBBERS JOON,7
CHAPLIN LICENSE,7
CHASING FIGHT,7
GONE TROUBLE,7
CHINATOWN GLADIATOR,7
CHRISTMAS MOONSHINE,7
GLORY TRACY,7
CIDER DESIRE,7
ROMAN PUNK,7
ROOF CHAMPION,7
ROOM ROMAN,7
CITIZEN SHREK,7
LIES TREATMENT,7
TOWERS HURRICANE,7
CLOCKWORK PARADISE,7
GILBERT PELICAN,7
COLDBLOODED DARLING,7
CONEHEADS SMOOCHY,7
CONFESSIONS MAGUIRE,7
TRAINSPOTTING STRANGERS,7
CONTACT ANONYMOUS,7
HEAVEN FREEDOM,7
GHOSTBUSTERS ELF,7
CONTROL ANTHEM,7
CRAZY HOME,7
TRIP NEWTON,7
GANDHI KWAI,7
GAMES BOWFINGER,7
CRUELTY UNFORGIVEN,7
TRUMAN CRAZY,7
CURTAIN VIDEOTAPE,7
FUGITIVE MAGUIRE,7
LIGHTS DEER,7
CYCLONE FAMILY,7
SADDLE ANTITRUST,7
UNCUT SUICIDES,7
UNDEFEATED DALMATIONS,7
UNFAITHFUL KILL,7
UNFORGIVEN ZOOLANDER,7
DANGEROUS UPTOWN,7
NOTTING SPEAKEASY,7
DARES PLUTO,7
MARRIED GO,7
DARLING BREAKING,7
SANTA PARIS,7
VALENTINE VANISHING,7
DARN FORRESTER,7
DECEIVER BETRAYED,7
VANILLA DAY,7
DEER VIRGINIAN,7
SATURN NAME,7
VARSITY TRIP,7
DESIRE ALIEN,7
DESPERATE TRAINSPOTTING,7
DIARY PANIC,7
DINOSAUR SECRETARY,7
VIETNAM SMOOCHY,7
DIRTY ACE,7
CARRIE BUNCH,7
DOLLS RAGE,7
DRACULA CRYSTAL,7
HARDLY ROBBERS,7
EARTH VISION,7
ELIZABETH SHANE,7
VOLUME HOUSE,7
EMPIRE MALKOVICH,7
WAGON JAWS,7
HOLLOW JEOPARDY,7
WAKE JAWS,7
WALLS ARTIST,7
WANDA CHAMBER,7
WAR NOTTING,7
ENOUGH RAGING,7
SENSIBILITY REAR,7
ESCAPE METROPOLIS,7
WASH HEAVENLY,7
WASTELAND DIVINE,7
FIREHOUSE VIETNAM,7
FLIGHT LIES,7
SHANGHAI TYCOON,7
FREAKY POCUS,7
MULHOLLAND BEAST,7
SHEPHERD MIDSUMMER,7
MOON BUNCH,7
WESTWARD SEABISCUIT,7
LEGALLY SECRETARY,7
IMPOSSIBLE PREJUDICE,7
FRANKENSTEIN STRANGER,7
SHOCK CABIN,7
MUSCLE BRIGHT,7
MUSIC BOONDOCK,7
SHREK LICENSE,7
FORRESTER COMANCHEROS,7
MUSKETEERS WAIT,7
IGBY MAKER,7
WOLVES DESIRE,7
SIEGE MADRE,7
WON DARES,7
FOREVER CANDIDATE,7
NOTORIOUS REUNION,7
SILENCE KANE,7
OKLAHOMA JUMANJI,7
WORKER TARZAN,7
OPEN AFRICAN,7
SINNERS ATLANTIS,7
OPERATION OPERATION,7
SKY MIRACLE,7
SLACKER LIAISONS,7
SLEEPING SUSPECTS,7
OPPOSITE NECKLACE,7
ORDER BETRAYED,7
LOCK REAR,7
OSCAR GOLD,7
OTHERS SOUP,7
OUTLAW HANKY,7
